IDfg,Name,PA,H,R,RBI,HR,SB,SO,Base_Hit_Rate,Base_HR_Rate,Base_RBI_Rate,Base_R_Rate,Base_SB_Rate,Base_K_Rate
2396,Carlos Santana,1213,256,141,157,46,10,203,0.2110469909315746,0.03792250618301731,0.12943116240725475,0.11624072547403133,0.008244023083264633,0.16735366859027206
5235,Justin Turner,1165,273,145,151,34,4,205,0.23433476394849787,0.029184549356223177,0.1296137339055794,0.12446351931330472,0.0034334763948497852,0.1759656652360515
5361,Freddie Freeman,1995,528,293,281,75,38,349,0.2646616541353383,0.03759398496240601,0.14085213032581453,0.1468671679197995,0.01904761904761905,0.174937343358396
5417,Jose Altuve,1336,341,174,142,46,32,228,0.25523952095808383,0.0344311377245509,0.1062874251497006,0.13023952095808383,0.023952095808383235,0.17065868263473055
7304,Salvador Perez,1873,438,171,284,80,0,389,0.23384943940202882,0.04271222637479979,0.15162840363053925,0.09129738387613455,0.0,0.20768820074746397
9218,Paul Goldschmidt,1875,440,235,190,57,27,434,0.23466666666666666,0.0304,0.10133333333333333,0.12533333333333332,0.0144,0.23146666666666665
9777,Nolan Arenado,1247,306,141,164,42,5,193,0.2453889334402566,0.03368083400160385,0.13151563753007217,0.11307137129109864,0.00400962309542903,0.15477145148356056
9847,Andrew McCutchen,1066,218,117,107,33,4,251,0.2045028142589118,0.03095684803001876,0.10037523452157598,0.10975609756097561,0.00375234521575985,0.2354596622889306
9874,DJ LeMahieu,562,121,55,44,15,2,125,0.21530249110320285,0.026690391459074734,0.07829181494661921,0.09786476868327403,0.0035587188612099642,0.22241992882562278
10155,Mike Trout,556,106,73,64,26,2,178,0.1906474820143885,0.046762589928057555,0.11510791366906475,0.13129496402877697,0.0035971223021582736,0.32014388489208634
10324,Marcell Ozuna,1872,441,241,272,100,1,448,0.23557692307692307,0.053418803418803416,0.1452991452991453,0.12873931623931623,0.0005341880341880342,0.23931623931623933
10472,Enrique Hernandez,508,110,57,61,11,4,97,0.21653543307086615,0.021653543307086614,0.12007874015748031,0.11220472440944881,0.007874015748031496,0.19094488188976377
10815,Jurickson Profar,1189,269,149,131,33,11,191,0.22624053826745164,0.027754415475189236,0.11017661900756939,0.12531539108494533,0.009251471825063078,0.16063919259882253
11281,Whit Merrifield,592,149,66,67,11,26,101,0.2516891891891892,0.018581081081081082,0.11317567567567567,0.11148648648648649,0.04391891891891892,0.17060810810810811
11445,Mark Canha,507,114,51,62,11,11,79,0.22485207100591717,0.021696252465483234,0.1222879684418146,0.10059171597633136,0.021696252465483234,0.15581854043392504
11477,Christian Yelich,1276,304,194,179,48,44,307,0.23824451410658307,0.03761755485893417,0.14028213166144202,0.15203761755485892,0.034482758620689655,0.24059561128526646
11493,Manny Machado,1922,472,243,291,86,28,364,0.24557752341311134,0.044745057232049947,0.1514047866805411,0.12643080124869926,0.014568158168574402,0.18938605619146723
11579,Bryce Harper,1757,422,241,234,78,30,378,0.24018212862834376,0.0443938531587934,0.1331815594763802,0.1371656232214001,0.01707455890722823,0.2151394422310757
11609,Willson Contreras,563,126,70,80,20,5,142,0.22380106571936056,0.035523978685612786,0.14209591474245115,0.12433392539964476,0.008880994671403197,0.2522202486678508
11615,Brandon Drury,523,127,61,83,26,0,136,0.24282982791587,0.0497131931166348,0.1586998087954111,0.11663479923518165,0.0,0.26003824091778205
11680,Elias Diaz,526,130,48,72,14,1,118,0.24714828897338403,0.026615969581749048,0.13688212927756654,0.09125475285171103,0.0019011406844106464,0.22433460076045628
11737,Nick Castellanos,1919,461,231,264,69,21,457,0.24022928608650337,0.03595622720166754,0.1375716519020323,0.12037519541427827,0.010943199583116207,0.23814486711829078
11739,J.T. Realmuto,1090,252,127,115,32,24,267,0.23119266055045873,0.029357798165137616,0.10550458715596331,0.11651376146788991,0.022018348623853212,0.24495412844036699
12155,Eddie Rosario,516,122,64,74,21,3,122,0.2364341085271318,0.040697674418604654,0.1434108527131783,0.12403100775193798,0.005813953488372093,0.2364341085271318
12161,Xander Bogaerts,1217,299,146,111,30,39,204,0.2456861133935908,0.024650780608052588,0.09120788824979457,0.1199671322925226,0.03204601479046836,0.1676253081347576
12533,Marcus Semien,2005,447,285,236,67,33,308,0.2229426433915212,0.03341645885286783,0.11770573566084788,0.14214463840399003,0.016458852867830425,0.15361596009975062
12552,Eugenio Suarez,1991,419,249,315,101,8,586,0.21044701155198392,0.050728277247614265,0.1582119537920643,0.12506278252134606,0.004018081366147665,0.29432446007031643
12564,Trevor Story,654,161,91,96,25,31,176,0.24617737003058104,0.0382262996941896,0.14678899082568808,0.13914373088685014,0.047400611620795105,0.2691131498470948
12856,George Springer,1883,432,267,212,72,54,351,0.22942113648433352,0.038236856080722255,0.11258629845990441,0.1417950079660117,0.02867764206054169,0.186404673393521
12916,Francisco Lindor,2108,494,332,275,95,91,395,0.23434535104364326,0.04506641366223909,0.13045540796963948,0.15749525616698293,0.04316888045540797,0.18738140417457305
12927,Brandon Nimmo,1997,444,258,250,72,31,445,0.22233350025037557,0.03605408112168253,0.12518778167250877,0.12919379068602904,0.015523284927391086,0.2228342513770656
12979,Javier Baez,547,113,58,59,9,12,125,0.20658135283363802,0.016453382084095063,0.10786106032906764,0.10603290676416818,0.021937842778793418,0.22851919561243145
13066,Teoscar Hernandez,1876,447,219,281,84,24,533,0.23827292110874201,0.04477611940298507,0.1497867803837953,0.11673773987206823,0.01279317697228145,0.28411513859275056
13145,Josh Bell,1753,380,168,208,63,0,342,0.21677124928693667,0.03593839132915003,0.11865373645179692,0.09583571021106674,0.0,0.195094124358243
13152,Jorge Polanco,524,125,64,78,26,6,82,0.2385496183206107,0.04961832061068702,0.14885496183206107,0.12213740458015267,0.011450381679389313,0.15648854961832062
13185,Orlando Arcia,1135,249,116,111,34,3,230,0.21938325991189428,0.029955947136563875,0.09779735682819383,0.10220264317180616,0.0026431718061674008,0.2026431718061674
13301,Max Muncy,579,102,95,105,36,1,153,0.17616580310880828,0.06217616580310881,0.18134715025906736,0.16407599309153714,0.0017271157167530224,0.26424870466321243
13419,Christian Walker,1853,409,230,275,86,15,437,0.2207231516459795,0.04641122504047491,0.1484079870480302,0.124123043712898,0.008094981111710739,0.2358337830545062
13510,Jose Ramirez,2046,513,304,283,93,113,229,0.250733137829912,0.045454545454545456,0.13831867057673508,0.14858260019550343,0.0552297165200391,0.11192570869990225
13590,Jesse Winker,508,109,63,58,14,14,106,0.21456692913385828,0.027559055118110236,0.1141732283464567,0.12401574803149606,0.027559055118110236,0.20866141732283464
13611,Mookie Betts,1872,461,296,264,78,38,232,0.24626068376068377,0.041666666666666664,0.14102564102564102,0.1581196581196581,0.0202991452991453,0.12393162393162394
13613,Ketel Marte,1789,440,274,249,89,19,298,0.24594745667970933,0.049748462828395755,0.13918390162101732,0.15315818893236444,0.010620458356623811,0.16657350475125768
13621,Jeimer Candelario,576,127,77,70,22,8,127,0.2204861111111111,0.03819444444444445,0.12152777777777778,0.13368055555555555,0.013888888888888888,0.2204861111111111
13624,Corey Seager,1069,288,156,170,63,3,184,0.2694106641721235,0.05893358278765201,0.15902712815715622,0.14593077642656688,0.002806361085126286,0.17212347988774557
14161,Byron Buxton,542,129,97,83,35,24,148,0.23800738007380073,0.06457564575645756,0.15313653136531366,0.17896678966789667,0.04428044280442804,0.2730627306273063
14162,Carlos Correa,1164,266,123,117,31,0,244,0.22852233676975944,0.02663230240549828,0.10051546391752578,0.1056701030927835,0.0,0.20962199312714777
14221,Jorge Soler,1154,245,161,139,57,2,282,0.2123050259965338,0.049393414211438474,0.12045060658578856,0.13951473136915077,0.0017331022530329288,0.24436741767764297
14344,Matt Olson,2129,490,303,332,112,2,513,0.23015500234852043,0.05260685767966181,0.15594175669328322,0.14232033818694223,0.0009394081728511038,0.24095819633630813
14366,Joey Meneses,657,168,71,89,13,0,130,0.2557077625570776,0.0197869101978691,0.1354642313546423,0.1080669710806697,0.0,0.197869101978691
14551,Anthony Santander,1321,292,172,197,72,7,281,0.2210446631339894,0.05450416351249054,0.14912944738834216,0.13020439061317185,0.005299015897047691,0.21271763815291445
14854,Mike Yastrzemski,558,111,68,46,17,7,108,0.1989247311827957,0.03046594982078853,0.08243727598566308,0.12186379928315412,0.012544802867383513,0.1935483870967742
15112,Ryan McMahon,1858,379,210,188,63,12,572,0.20398277717976318,0.03390742734122713,0.10118406889128095,0.11302475780409042,0.006458557588805167,0.3078579117330463
15172,Tim Anderson,524,121,52,25,1,13,122,0.23091603053435114,0.0019083969465648854,0.04770992366412214,0.09923664122137404,0.02480916030534351,0.23282442748091603
15362,Jeff McNeil,648,158,75,55,10,10,65,0.24382716049382716,0.015432098765432098,0.08487654320987655,0.11574074074074074,0.015432098765432098,0.10030864197530864
15464,Hunter Renfroe,548,116,60,60,20,0,125,0.2116788321167883,0.0364963503649635,0.10948905109489052,0.10948905109489052,0.0,0.2281021897810219
15491,J.P. Crawford,1292,293,163,123,31,10,247,0.22678018575851394,0.023993808049535603,0.09520123839009288,0.12616099071207432,0.007739938080495356,0.19117647058823528
15518,Amed Rosario,545,134,70,58,6,15,99,0.24587155963302754,0.011009174311926606,0.10642201834862386,0.12844036697247707,0.027522935779816515,0.181651376146789
15640,Aaron Judge,1383,359,259,258,111,22,331,0.25958062183658714,0.08026030368763558,0.18655097613882862,0.18727404193781635,0.015907447577729574,0.2393347794649313
15653,Dominic Smith,586,134,57,46,12,1,91,0.22866894197952217,0.020477815699658702,0.07849829351535836,0.09726962457337884,0.0017064846416382253,0.1552901023890785
15676,Jose Abreu,594,128,62,90,18,0,130,0.21548821548821548,0.030303030303030304,0.15151515151515152,0.10437710437710437,0.0,0.21885521885521886
15986,Willy Adames,2012,406,260,279,86,38,517,0.20178926441351888,0.042743538767395624,0.1386679920477137,0.12922465208747516,0.018886679920477135,0.25695825049701787
15998,Cody Bellinger,1781,450,256,273,73,42,266,0.25266704098820886,0.04098820887142055,0.15328467153284672,0.1437394722066255,0.023582257158899493,0.1493542953396968
16219,J.D. Davis,546,119,61,69,18,1,152,0.21794871794871795,0.03296703296703297,0.12637362637362637,0.11172161172161173,0.0018315018315018315,0.2783882783882784
16252,Trea Turner,1869,498,284,207,62,85,355,0.2664526484751204,0.03317281968967362,0.11075441412520064,0.15195291599785982,0.0454788657035848,0.18994114499732478
16426,Thairo Estrada,530,134,63,49,14,23,120,0.2528301886792453,0.026415094339622643,0.09245283018867924,0.11886792452830189,0.04339622641509434,0.22641509433962265
16442,Ryan O'Hearn,544,133,67,63,17,3,109,0.24448529411764705,0.03125,0.11580882352941177,0.12316176470588236,0.0055147058823529415,0.20036764705882354
16472,Rhys Hoskins,517,96,59,82,26,3,149,0.18568665377176016,0.05029013539651837,0.15860735009671179,0.11411992263056092,0.005802707930367505,0.28820116054158607
16478,Kyle Schwarber,2136,402,329,340,141,15,609,0.18820224719101122,0.06601123595505617,0.15917602996254682,0.1540262172284644,0.007022471910112359,0.2851123595505618
16505,Matt Chapman,1763,369,240,193,65,28,449,0.20930232558139536,0.0368689733408962,0.10947249007373795,0.13613159387407828,0.01588201928530913,0.2546795235394214
16556,Ozzie Albies,1327,312,170,183,49,27,201,0.2351168048229088,0.03692539562923888,0.13790504898266767,0.1281085154483798,0.020346646571213264,0.15146948003014318
16578,Yandy Diaz,1872,506,229,226,61,3,281,0.2702991452991453,0.03258547008547009,0.12072649572649573,0.12232905982905982,0.0016025641025641025,0.1501068376068376
16939,Lane Thomas,1210,280,166,149,43,52,313,0.23140495867768596,0.03553719008264463,0.1231404958677686,0.1371900826446281,0.04297520661157025,0.25867768595041324
16997,Gleyber Torres,1965,450,249,205,56,21,335,0.22900763358778625,0.028498727735368958,0.10432569974554708,0.1267175572519084,0.010687022900763359,0.17048346055979643
17027,Alex Verdugo,1223,274,155,115,26,7,186,0.22403924775143091,0.02125919869174162,0.09403107113654947,0.1267375306623058,0.005723630417007359,0.15208503679476695
17338,Willi Castro,635,138,89,60,12,14,150,0.2173228346456693,0.01889763779527559,0.09448818897637795,0.14015748031496064,0.02204724409448819,0.23622047244094488
17350,Rafael Devers,1986,453,276,292,96,9,465,0.2280966767371601,0.04833836858006042,0.1470292044310171,0.13897280966767372,0.004531722054380665,0.23413897280966767
17548,Taylor Ward,1326,276,159,178,61,10,338,0.2081447963800905,0.04600301659125189,0.13423831070889894,0.11990950226244344,0.007541478129713424,0.2549019607843137
17620,Myles Straw,518,110,52,29,1,20,97,0.21235521235521235,0.0019305019305019305,0.055984555984555984,0.10038610038610038,0.03861003861003861,0.18725868725868725
17678,Alex Bregman,1358,314,182,173,51,6,173,0.23122238586156113,0.03755522827687776,0.12739322533136965,0.13402061855670103,0.004418262150220913,0.12739322533136965
17901,Andrew Benintendi,1143,256,122,109,25,16,185,0.22397200349956256,0.021872265966754154,0.09536307961504811,0.10673665791776028,0.01399825021872266,0.16185476815398075
17907,Brendan Rodgers,539,134,67,54,13,1,132,0.24860853432282004,0.02411873840445269,0.10018552875695733,0.12430426716141002,0.0018552875695732839,0.24489795918367346
17919,Ian Happ,2011,420,262,249,69,33,472,0.20885131775236201,0.034311287916459474,0.12381899552461462,0.13028344107409248,0.016409746394828444,0.2347090999502735
17982,Ty France,1200,259,125,109,25,2,231,0.21583333333333332,0.020833333333333332,0.09083333333333334,0.10416666666666667,0.0016666666666666668,0.1925
17988,Tyler Stephenson,1032,231,128,122,32,1,252,0.2238372093023256,0.031007751937984496,0.1182170542635659,0.12403100775193798,0.0009689922480620155,0.2441860465116279
18036,Jake Cronenworth,1693,347,187,190,38,14,322,0.2049616066154755,0.02244536326048435,0.11222681630242173,0.11045481393975191,0.008269344359125812,0.19019492025989368
18126,LaMonte Wade Jr.,519,110,64,45,17,2,95,0.2119460500963391,0.03275529865125241,0.08670520231213873,0.1233140655105973,0.0038535645472061657,0.18304431599229287
18314,Dansby Swanson,1876,411,247,223,62,48,466,0.21908315565031983,0.03304904051172708,0.11886993603411514,0.13166311300639658,0.0255863539445629,0.2484008528784648
18345,Kyle Tucker,1271,296,188,185,51,55,180,0.23288749016522423,0.04012588512981904,0.14555468135326516,0.14791502753737215,0.043273013375295044,0.14162077104642015
18360,Austin Riley,715,179,117,97,37,3,172,0.25034965034965034,0.05174825174825175,0.13566433566433567,0.16363636363636364,0.004195804195804196,0.24055944055944056
18373,Ryan Mountcastle,507,128,54,63,13,3,114,0.252465483234714,0.02564102564102564,0.1242603550295858,0.10650887573964497,0.005917159763313609,0.22485207100591717
18401,Ronald Acuna Jr.,735,217,149,106,41,73,84,0.29523809523809524,0.055782312925170066,0.14421768707482993,0.20272108843537415,0.09931972789115646,0.11428571428571428
18564,Trent Grisham,1136,209,154,124,47,18,291,0.18397887323943662,0.04137323943661972,0.10915492957746478,0.13556338028169015,0.01584507042253521,0.25616197183098594
18568,Luis Arraez,1964,584,220,176,22,23,84,0.2973523421588595,0.01120162932790224,0.08961303462321792,0.1120162932790224,0.011710794297352342,0.04276985743380855
18577,Ke'Bryan Hayes,1095,258,115,110,20,22,215,0.2356164383561644,0.0182648401826484,0.1004566210045662,0.1050228310502283,0.02009132420091324,0.1963470319634703
18839,Josh Naylor,1237,297,165,200,51,36,188,0.2400970088924818,0.041228779304769606,0.16168148746968472,0.1333872271624899,0.02910266774454325,0.15198059822150364
18882,Brandon Lowe,553,130,79,83,31,3,149,0.23508137432188064,0.05605786618444846,0.15009041591320071,0.14285714285714285,0.0054249547920434,0.2694394213381555
18900,Leody Taveras,1083,246,126,111,26,37,229,0.22714681440443213,0.024007386888273315,0.10249307479224377,0.11634349030470914,0.034164358264081256,0.21144967682363805
19197,Will Smith,1098,239,157,151,39,4,194,0.21766848816029144,0.03551912568306011,0.13752276867030966,0.1429872495446266,0.0036429872495446266,0.1766848816029144
19238,Lourdes Gurriel Jr.,1691,411,189,237,61,22,280,0.2430514488468362,0.036073329390892965,0.140153755174453,0.11176818450620934,0.013010053222945003,0.16558249556475457
19251,Pete Alonso,2062,439,270,332,118,8,485,0.21290009699321047,0.05722599418040737,0.16100872938894278,0.1309408341416101,0.0038797284190106693,0.23520853540252182
19287,Adolis Garcia,1816,381,234,267,83,33,487,0.20980176211453744,0.045704845814977975,0.14702643171806168,0.1288546255506608,0.01817180616740088,0.2681718061674009
19290,Randy Arozarena,2011,406,267,219,70,73,516,0.2018896071606166,0.034808552958727,0.10890104425658877,0.13276976628543014,0.036300348085529587,0.25658876181004475
19326,Bryan Reynolds,1986,466,226,245,64,25,467,0.23464249748237664,0.032225579053373615,0.12336354481369587,0.11379657603222558,0.012588116817724069,0.2351460221550856
19363,Austin Hays,566,143,76,67,16,5,141,0.25265017667844525,0.028268551236749116,0.11837455830388692,0.13427561837455831,0.0088339222614841,0.24911660777385158
19392,Zach McKinstry,1029,224,128,84,21,35,224,0.21768707482993196,0.02040816326530612,0.08163265306122448,0.12439261418853255,0.034013605442176874,0.21768707482993196
19470,Tommy Edman,528,119,69,47,13,27,84,0.22537878787878787,0.02462121212121212,0.08901515151515152,0.13068181818181818,0.05113636363636364,0.1590909090909091
19522,TJ Friedl,1241,287,155,119,32,39,205,0.23126510878323933,0.0257856567284448,0.0958904109589041,0.12489927477840451,0.031426269137792104,0.1651893634165995
19556,Yordan Alvarez,635,170,88,86,35,6,95,0.2677165354330709,0.05511811023622047,0.13543307086614173,0.13858267716535433,0.009448818897637795,0.14960629921259844
19566,Nathaniel Lowe,1898,415,215,235,51,4,449,0.21865121180189673,0.026870389884088516,0.1238145416227608,0.11327713382507903,0.002107481559536354,0.23656480505795574
19600,Bryan De La Cruz,1248,285,121,146,40,9,312,0.2283653846153846,0.03205128205128205,0.11698717948717949,0.09695512820512821,0.007211538461538462,0.25
19608,Otto Lopez,594,134,66,77,15,15,82,0.2255892255892256,0.025252525252525252,0.12962962962962962,0.1111111111111111,0.025252525252525252,0.13804713804713806
19610,Keibert Ruiz,562,136,55,67,18,1,58,0.24199288256227758,0.03202846975088968,0.11921708185053381,0.09786476868327403,0.0017793594306049821,0.10320284697508897
19611,Vladimir Guerrero Jr.,2059,530,272,281,79,13,290,0.2574065080135988,0.03836813987372511,0.13647401651287033,0.13210296260320545,0.006313744536182613,0.14084507042253522
19612,Bo Bichette,1229,356,147,167,38,9,206,0.28966639544344996,0.030919446704637917,0.13588283157038242,0.11960943856794141,0.007323026851098454,0.1676159479251424
19627,Brent Rooker,1839,438,235,270,99,21,504,0.23817292006525284,0.053833605220228384,0.1468189233278956,0.1277868406742795,0.011419249592169658,0.2740619902120718
19709,Fernando Tatis Jr.,1326,307,202,149,50,61,270,0.23152337858220212,0.03770739064856712,0.11236802413273002,0.15233785822021115,0.04600301659125189,0.20361990950226244
19755,Shohei Ohtani,2057,520,382,327,153,99,492,0.25279533300923673,0.0743801652892562,0.1589693728731162,0.1857073407875547,0.0481283422459893,0.23918327661643168
19858,Luis Rengifo,541,119,55,43,9,10,104,0.2199630314232902,0.0166358595194085,0.07948243992606285,0.10166358595194085,0.018484288354898338,0.1922365988909427
19901,Gavin Sheets,545,124,57,71,19,2,107,0.22752293577981653,0.03486238532110092,0.13027522935779817,0.10458715596330276,0.003669724770642202,0.1963302752293578
19913,Jesus Sanchez,537,123,60,64,18,16,140,0.22905027932960895,0.0335195530726257,0.1191806331471136,0.11173184357541899,0.0297951582867784,0.260707635009311
19918,Daulton Varsho,1094,214,138,119,38,26,272,0.1956124314442413,0.03473491773308958,0.10877513711151737,0.12614259597806216,0.02376599634369287,0.24862888482632542
19950,Andres Gimenez,1249,287,140,125,24,60,209,0.22978382706164932,0.01921537229783827,0.100080064051241,0.11208967173738991,0.04803843074459568,0.16733386709367493
19955,Gavin Lux,503,120,49,53,5,1,114,0.23856858846918488,0.009940357852882704,0.10536779324055666,0.09741550695825049,0.0019880715705765406,0.22664015904572565
20036,Isaac Paredes,1212,252,135,178,50,2,209,0.2079207920792079,0.041254125412541254,0.14686468646864687,0.11138613861386139,0.0016501650165016502,0.17244224422442245
20043,Luis Robert Jr.,595,144,90,80,38,20,172,0.24201680672268908,0.06386554621848739,0.13445378151260504,0.15126050420168066,0.03361344537815126,0.28907563025210087
20123,Juan Soto,2136,474,345,323,119,57,385,0.22191011235955055,0.05571161048689138,0.15121722846441948,0.16151685393258428,0.026685393258426966,0.1802434456928839
20178,Miguel Vargas,569,118,80,60,16,6,100,0.20738137082601055,0.028119507908611598,0.1054481546572935,0.140597539543058,0.01054481546572935,0.1757469244288225
20220,Jo Adell,573,124,63,98,37,5,151,0.2164048865619546,0.06457242582897033,0.17102966841186737,0.1099476439790576,0.008726003490401396,0.26352530541012215
20308,Jake Meyers,513,101,51,61,13,11,117,0.1968810916179337,0.025341130604288498,0.1189083820662768,0.09941520467836257,0.021442495126705652,0.22807017543859648
20352,Ernie Clement,588,151,83,50,9,6,61,0.2568027210884354,0.015306122448979591,0.08503401360544217,0.141156462585034,0.01020408163265306,0.10374149659863946
20391,Luis Garcia Jr.,1054,264,125,136,34,36,170,0.2504743833017078,0.03225806451612903,0.12903225806451613,0.11859582542694497,0.03415559772296015,0.16129032258064516
20454,Jazz Chisholm Jr.,1152,256,149,153,55,71,300,0.2222222222222222,0.04774305555555555,0.1328125,0.1293402777777778,0.06163194444444445,0.2604166666666667
20503,William Contreras,1949,470,274,246,57,21,385,0.24114930733709594,0.029245767060030785,0.12621857362750127,0.14058491534120063,0.0107747562852745,0.19753719856336582
21454,Lars Nootbaar,1086,230,142,94,27,15,218,0.21178637200736647,0.024861878453038673,0.0865561694290976,0.13075506445672191,0.013812154696132596,0.2007366482504604
21479,Nico Hoerner,1978,512,273,177,23,103,198,0.25884732052578363,0.011627906976744186,0.08948432760364004,0.13801820020222447,0.052072800808897875,0.10010111223458039
21501,Trevor Larnach,567,126,62,60,17,4,122,0.2222222222222222,0.029982363315696647,0.10582010582010581,0.10934744268077601,0.007054673721340388,0.21516754850088182
21523,Jonathan India,1733,359,225,164,41,27,340,0.20715522215810733,0.023658395845354875,0.0946335833814195,0.1298326601269475,0.015579919215233698,0.19619157530294287
21534,Cal Raleigh,1902,386,261,300,124,20,522,0.20294426919032596,0.06519453207150368,0.15772870662460567,0.13722397476340695,0.010515247108307046,0.2744479495268139
21558,Matt Vierling,1097,258,143,101,26,12,233,0.23518687329079307,0.023701002734731084,0.09206927985414767,0.13035551504102097,0.010938924339106655,0.2123974475843209
21618,Alec Bohm,1721,441,189,253,46,11,262,0.25624636839047066,0.02672864613596746,0.14700755374782104,0.10981987216734457,0.006391632771644393,0.15223707147007554
21636,Jeremy Pena,1827,462,227,184,42,53,333,0.25287356321839083,0.022988505747126436,0.10071154898741105,0.12424740010946908,0.029009304871373837,0.18226600985221675
21711,Oneil Cruz,1143,234,134,137,41,60,355,0.2047244094488189,0.03587051618547681,0.11986001749781278,0.11723534558180228,0.05249343832020997,0.310586176727909
21897,Christopher Morel,611,105,56,60,21,8,159,0.1718494271685761,0.03436988543371522,0.09819967266775777,0.09165302782324058,0.01309328968903437,0.2602291325695581
22186,Brice Turang,1278,310,169,138,25,74,255,0.24256651017214398,0.019561815336463225,0.107981220657277,0.1322378716744914,0.057902973395931145,0.19953051643192488
22197,MJ Melendez,602,125,65,56,16,6,170,0.20764119601328904,0.026578073089700997,0.09302325581395349,0.1079734219269103,0.009966777408637873,0.2823920265780731
22244,Jack Suwinski,534,100,63,74,26,13,172,0.18726591760299627,0.04868913857677903,0.13857677902621723,0.11797752808988764,0.024344569288389514,0.32209737827715357
22266,Xavier Edwards,619,159,75,43,3,27,88,0.2568659127625202,0.004846526655896607,0.06946688206785137,0.12116316639741519,0.04361873990306947,0.1421647819063005
22275,Jake Burger,1119,257,139,156,63,2,299,0.22966934763181412,0.05630026809651475,0.13941018766756033,0.12421805183199285,0.0017873100983020554,0.26720285969615726
22514,Triston Casas,502,113,66,65,24,0,126,0.2250996015936255,0.04780876494023904,0.1294820717131474,0.13147410358565736,0.0,0.250996015936255
22515,Heliot Ramos,1213,287,139,141,43,12,293,0.23660346248969497,0.03544929925803792,0.11624072547403133,0.1145919208573784,0.00989282769991756,0.24154987633965375
22542,Lawrence Butler,630,133,83,63,21,22,179,0.2111111111111111,0.03333333333333333,0.1,0.13174603174603175,0.03492063492063492,0.2841269841269841
22581,Alejandro Kirk,506,127,45,76,15,1,59,0.2509881422924901,0.029644268774703556,0.15019762845849802,0.08893280632411067,0.001976284584980237,0.116600790513834
22715,Maikel Garcia,1807,429,224,182,27,83,302,0.23741007194244604,0.014941892639734366,0.10071942446043165,0.12396236856668512,0.045932484781405644,0.1671278361925844
22799,Geraldo Perdomo,720,173,98,100,20,27,83,0.24027777777777778,0.027777777777777776,0.1388888888888889,0.1361111111111111,0.0375,0.11527777777777778
22896,Lenyn Sosa,544,137,57,75,22,2,127,0.25183823529411764,0.04044117647058824,0.13786764705882354,0.10477941176470588,0.003676470588235294,0.23345588235294118
23003,Yainer Diaz,1186,314,126,154,36,3,202,0.26475548060708265,0.03035413153456998,0.12984822934232715,0.10623946037099494,0.002529510961214165,0.1703204047217538
23395,Eric Wagaman,514,119,56,53,9,4,100,0.23151750972762647,0.017509727626459144,0.10311284046692606,0.10894941634241245,0.007782101167315175,0.19455252918287938
23697,Julio Rodriguez,2037,509,284,266,84,91,483,0.2498772704958272,0.041237113402061855,0.13058419243986255,0.13942071674030437,0.044673539518900345,0.23711340206185566
24064,Ezequiel Tovar,1310,323,162,151,41,17,366,0.24656488549618322,0.031297709923664124,0.11526717557251909,0.12366412213740458,0.012977099236641221,0.27938931297709924
24262,Ceddanne Rafaela,1158,270,154,138,31,39,268,0.23316062176165803,0.02677029360967185,0.11917098445595854,0.13298791018998274,0.03367875647668394,0.231433506044905
24598,Addison Barger,502,112,61,74,21,4,121,0.22310756972111553,0.04183266932270916,0.14741035856573706,0.12151394422310757,0.00796812749003984,0.2410358565737052
24610,Steven Kwan,1951,481,257,154,30,54,186,0.24654023577652487,0.015376729882111738,0.07893388006150692,0.13172731932342388,0.027678113787801127,0.09533572526909277
24617,Jarren Duran,1431,350,197,159,37,58,329,0.2445842068483578,0.02585604472396925,0.1111111111111111,0.1376659678546471,0.04053109713487072,0.22990915443745633
24679,Brendan Donovan,1167,295,129,123,24,8,148,0.2527849185946872,0.02056555269922879,0.10539845758354756,0.11053984575835475,0.006855184233076264,0.1268209083119109
24729,Logan O'Hoppe,522,117,64,56,20,2,155,0.22413793103448276,0.038314176245210725,0.10727969348659004,0.12260536398467432,0.0038314176245210726,0.29693486590038315
24770,James Outman,567,120,86,70,23,16,181,0.21164021164021163,0.04056437389770723,0.12345679012345678,0.15167548500881833,0.02821869488536155,0.31922398589065254
24816,Andy Pages,624,158,74,86,27,14,135,0.2532051282051282,0.04326923076923077,0.13782051282051283,0.11858974358974358,0.022435897435897436,0.21634615384615385
25479,Brenton Doyle,1141,258,139,129,38,48,291,0.22611744084136723,0.033304119193689745,0.11305872042068361,0.12182296231375986,0.042068361086765996,0.25503943908851884
25493,Joey Ortiz,1017,213,120,105,18,25,177,0.20943952802359883,0.017699115044247787,0.10324483775811209,0.11799410029498525,0.024582104228121928,0.17404129793510326
25764,Bobby Witt Jr.,2090,572,321,293,85,118,352,0.2736842105263158,0.04066985645933014,0.14019138755980862,0.1535885167464115,0.05645933014354067,0.16842105263157894
25768,CJ Abrams,1851,420,254,189,57,109,371,0.22690437601296595,0.03079416531604538,0.10210696920583469,0.13722312263641276,0.05888708806050783,0.20043219881145327
25816,Shea Langeliers,1057,241,131,152,60,11,248,0.228003784295175,0.05676442762535478,0.14380321665089876,0.1239356669820246,0.010406811731315043,0.2346263008514664
25878,Corbin Carroll,1971,443,344,234,78,121,408,0.22475900558092338,0.0395738203957382,0.1187214611872146,0.17453069507864027,0.061390157280568236,0.2070015220700152
25931,Michael Harris II,1180,300,131,143,38,40,229,0.2542372881355932,0.03220338983050847,0.1211864406779661,0.11101694915254237,0.03389830508474576,0.19406779661016949
25976,Riley Greene,1239,289,166,185,60,6,357,0.23325262308313155,0.048426150121065374,0.1493139628732849,0.13397901533494755,0.004842615012106538,0.288135593220339
26197,Andrew Vaughn,1234,286,122,150,40,2,261,0.23176661264181522,0.03241491085899514,0.12155591572123177,0.09886547811993517,0.0016207455429497568,0.21150729335494328
26288,Adley Rutschman,1325,306,152,159,39,2,204,0.2309433962264151,0.02943396226415094,0.12,0.11471698113207547,0.0015094339622641509,0.15396226415094338
26289,Gunnar Henderson,1992,478,303,242,82,61,455,0.2399598393574297,0.04116465863453815,0.1214859437751004,0.15210843373493976,0.030622489959839357,0.2284136546184739
26294,Bryson Stott,1771,416,209,185,39,87,284,0.23489553924336534,0.0220214568040655,0.10446075663466968,0.11801242236024845,0.04912478825522304,0.1603613777526821
26299,Josh Jung,1026,248,128,131,37,5,280,0.24171539961013644,0.036062378167641324,0.1276803118908382,0.12475633528265107,0.004873294346978557,0.2729044834307992
26319,Michael Busch,1159,260,151,155,55,6,301,0.22433132010353754,0.04745470232959448,0.13373597929249353,0.13028472821397757,0.005176876617773943,0.25970664365832613
26323,Spencer Steer,1889,408,214,253,64,47,405,0.21598729486500795,0.03388035997882478,0.1339332980412917,0.11328745367919534,0.024880889359449446,0.21439915299100054
26368,JJ Bleday,642,139,74,60,20,2,125,0.21651090342679127,0.03115264797507788,0.09345794392523364,0.11526479750778816,0.003115264797507788,0.19470404984423675
26396,Josh Smith,1155,259,137,97,23,23,221,0.22424242424242424,0.019913419913419914,0.08398268398268398,0.11861471861471862,0.019913419913419914,0.19134199134199134
26546,Agustin Ramirez,585,124,72,67,21,16,113,0.21196581196581196,0.035897435897435895,0.11452991452991453,0.12307692307692308,0.02735042735042735,0.19316239316239317
26668,Elly De La Cruz,1395,326,207,162,47,104,399,0.23369175627240144,0.03369175627240143,0.11612903225806452,0.14838709677419354,0.07455197132616488,0.2860215053763441
27465,Spencer Torkelson,1333,276,170,172,62,5,340,0.20705176294073518,0.046511627906976744,0.12903225806451613,0.1275318829707427,0.0037509377344336083,0.2550637659414854
27467,Tyler Soderstrom,624,155,75,93,25,8,141,0.2483974358974359,0.04006410256410257,0.14903846153846154,0.1201923076923077,0.01282051282051282,0.22596153846153846
27479,Masyn Winn,1174,281,157,108,24,20,211,0.2393526405451448,0.020442930153321975,0.0919931856899489,0.13373083475298125,0.017035775127768313,0.1797274275979557
27506,Ha-seong Kim,626,140,84,60,17,38,124,0.22364217252396165,0.027156549520766772,0.09584664536741214,0.134185303514377,0.06070287539936102,0.19808306709265175
27615,Alec Burleson,1141,291,125,147,39,14,155,0.25503943908851884,0.03418054338299737,0.12883435582822086,0.10955302366345311,0.012269938650306749,0.13584574934268187
27647,Anthony Volpe,1886,382,217,192,52,70,473,0.20254506892895016,0.027571580063626724,0.10180275715800637,0.11505832449628844,0.03711558854718982,0.2507953340402969
27676,Vinnie Pasquantino,1236,294,136,210,51,2,178,0.23786407766990292,0.0412621359223301,0.16990291262135923,0.11003236245954692,0.0016181229773462784,0.14401294498381878
27769,Pete Crow-Armstrong,647,146,91,95,31,35,155,0.22565687789799072,0.04791344667697063,0.14683153013910355,0.14064914992272023,0.05409582689335394,0.23956723338485317
27899,Colt Keith,556,134,54,61,13,7,110,0.24100719424460432,0.023381294964028777,0.10971223021582734,0.09712230215827339,0.012589928057553957,0.19784172661870503
28163,Junior Caminero,653,159,93,110,45,7,125,0.2434915773353752,0.06891271056661562,0.16845329249617153,0.14241960183767227,0.010719754977029096,0.19142419601837674
28806,Jackson Chourio,1162,293,168,157,42,43,242,0.2521514629948365,0.03614457831325301,0.1351118760757315,0.14457831325301204,0.03700516351118761,0.2082616179001721
29490,Jackson Merrill,593,162,77,90,24,16,101,0.27318718381112983,0.04047217537942664,0.15177065767284992,0.12984822934232715,0.026981450252951095,0.1703204047217538
29518,James Wood,689,153,87,94,31,15,221,0.2220609579100145,0.04499274310595065,0.13642960812772134,0.1262699564586357,0.02177068214804064,0.32075471698113206
29576,Ben Rice,530,119,74,65,26,3,100,0.22452830188679246,0.04905660377358491,0.12264150943396226,0.13962264150943396,0.005660377358490566,0.18867924528301888
29591,Colton Cowser,561,121,77,69,24,9,172,0.21568627450980393,0.0427807486631016,0.12299465240641712,0.13725490196078433,0.016042780748663103,0.3065953654188948
29622,Sal Frelick,1118,275,142,95,14,37,158,0.24597495527728086,0.012522361359570662,0.08497316636851521,0.12701252236135957,0.03309481216457961,0.1413237924865832
29646,Caleb Durbin,506,114,60,53,11,18,50,0.22529644268774704,0.021739130434782608,0.10474308300395258,0.11857707509881422,0.03557312252964427,0.09881422924901186
29695,Matt McLain,577,112,73,50,15,18,167,0.19410745233968804,0.025996533795493933,0.08665511265164645,0.1265164644714038,0.03119584055459272,0.28942807625649913
29715,Hunter Goodman,579,150,73,91,31,1,152,0.25906735751295334,0.0535405872193437,0.15716753022452504,0.12607944732297063,0.0017271157167530224,0.26252158894645944
29766,Zack Gelof,547,105,60,49,17,25,188,0.19195612431444242,0.031078610603290677,0.08957952468007313,0.10968921389396709,0.04570383912248629,0.3436928702010969
29794,Kyle Manzardo,531,110,47,70,27,2,135,0.2071563088512241,0.05084745762711865,0.1318267419962335,0.08851224105461393,0.003766478342749529,0.2542372881355932
29931,Jacob Young,521,120,75,36,3,33,102,0.23032629558541268,0.005758157389635317,0.0690978886756238,0.14395393474088292,0.06333973128598848,0.19577735124760076
30116,Seiya Suzuki,1819,432,224,250,73,27,454,0.23749312809235845,0.040131940626717974,0.13743815283122596,0.12314458493677845,0.014843320505772403,0.24958768554150632
31347,Zach Neto,1156,264,152,139,49,56,289,0.22837370242214533,0.04238754325259515,0.12024221453287197,0.1314878892733564,0.04844290657439446,0.25
31431,Jordan Beck,588,139,62,53,16,19,174,0.23639455782312926,0.027210884353741496,0.09013605442176871,0.1054421768707483,0.03231292517006803,0.29591836734693877
31580,Chase Meidroth,505,114,54,23,5,14,72,0.22574257425742575,0.009900990099009901,0.04554455445544554,0.10693069306930693,0.027722772277227723,0.14257425742574256
31595,Brooks Lee,527,115,50,64,16,3,92,0.21821631878557876,0.030360531309297913,0.12144212523719165,0.09487666034155598,0.0056925996204933585,0.174573055028463
31781,Jackson Holliday,649,142,70,55,17,17,140,0.21879815100154082,0.026194144838212634,0.0847457627118644,0.10785824345146379,0.026194144838212634,0.21571648690292758
31837,Masataka Yoshida,580,155,71,72,15,8,81,0.2672413793103448,0.02586206896551724,0.12413793103448276,0.12241379310344827,0.013793103448275862,0.1396551724137931
33189,Nolan Schanuel,1171,259,126,107,25,15,174,0.22117847993168233,0.02134927412467976,0.09137489325362938,0.107600341588386,0.012809564474807857,0.14859094790777114
33266,Jacob Wilson,523,151,62,63,13,5,39,0.2887189292543021,0.0248565965583174,0.12045889101338432,0.11854684512428298,0.009560229445506692,0.0745697896749522
33333,Wyatt Langford,1130,244,147,136,38,41,266,0.215929203539823,0.033628318584070796,0.12035398230088495,0.13008849557522123,0.036283185840707964,0.23539823008849559
33824,Jung Hoo Lee,617,149,73,55,8,10,71,0.24149108589951376,0.012965964343598054,0.08914100486223663,0.11831442463533225,0.01620745542949757,0.11507293354943274
